frase,situacao,origem,particao,criterio
Estou com uma dor forte no meio do peito há mais de meia hora e ela não passa nem deitado.,alto risco,manual,teste,A1
"Comecei a sentir um aperto no peito agora há pouco, com suor frio e vontade de vomitar.",alto risco,manual,teste,A1
A dor no peito vai para o braço esquerdo e para o queixo desde que acordei.,alto risco,manual,teste,A1
Senti uma pressão no peito do nada enquanto assistia TV e fiquei toda suada.,alto risco,manual,teste,A1
Desmaiei no banheiro hoje de manhã e só acordei com minha filha me chamando.,alto risco,manual,teste,A2
Acordei de madrugada sem conseguir respirar e precisei abrir a janela para puxar o ar.,alto risco,manual,teste,A3
"De uma hora pra outra fiquei sem ar, mesmo sentada no sofá sem fazer nada.",alto risco,manual,teste,A3
Tô com um peso no peito que desce pro estômago e me deixou enjoado.,alto risco,manual,teste,A1
Há uns quarenta minutos sinto uma queimação no peito que irradia para as costas.,alto risco,manual,teste,A1
Minha angina mudou: agora a dor aparece até quando estou parado e dura mais.,alto risco,manual,teste,A1
"Estou com uma dor no peito estranha e fiquei tonta, quase caí no chão.",alto risco,manual,teste,A1
"Do nada me deu suor frio, enjoo e uma fraqueza enorme, sem dor nenhuma.",alto risco,manual,teste,A4
Senti um cansaço repentino muito forte com mal-estar e precisei sentar no meio da rua.,alto risco,manual,teste,A4
Apaguei por alguns segundos depois de sentir o coração disparar.,alto risco,manual,teste,A2
Estou com falta de ar mesmo em repouso desde ontem à noite e está piorando.,alto risco,manual,teste,A3
A dor no peito começou durante a discussão e já faz mais de vinte minutos que não alivia.,alto risco,manual,teste,A1
Sinto um aperto no peito que sobe para o pescoço e o braço fica formigando.,alto risco,manual,teste,A1
dor no peito com suor frio e falta de ar ha uns 30 minutos,alto risco,manual,teste,A1
Tive um desmaio na fila do banco e disseram que fiquei pálida.,alto risco,manual,teste,A2
"Meu pai está com dor no peito, vomitou duas vezes e está muito pálido.",alto risco,manual,teste,A1
"Essa semana a dor no peito voltou várias vezes, cada vez com menos esforço.",alto risco,manual,teste,A1
Acordo à noite sufocado e tenho que sentar na cama para conseguir respirar.,alto risco,manual,teste,A3
O aperto no peito não melhora nem com o remédio debaixo da língua.,alto risco,manual,teste,A1
"Senti de repente uma dor fortíssima no peito e nas costas, como uma facada.",alto risco,manual,teste,A1
"Comecei a suar frio e a sentir náusea depois do almoço, e o braço esquerdo ficou dormente.",alto risco,manual,teste,A4
Fiquei muito tonto e perdi a consciência por um instante enquanto subia a escada.,alto risco,manual,teste,A2
Estou com dificuldade para respirar do nada e os lábios ficaram roxos.,alto risco,manual,teste,A3
"Sinto dor no peito e falta de ar ao mesmo tempo, começou faz uma hora.",alto risco,manual,teste,A1
Estou com o peito apertado e a mandíbula doendo desde a hora que acordei.,alto risco,manual,teste,A1
"Minha mãe de 78 anos ficou confusa, suando frio e com muito enjoo de repente.",alto risco,manual,teste,A4
Tenho uma dor leve nas costas quando fico muito tempo sentado no trabalho.,baixo risco,manual,teste,B2
Sinto um cansaço normal no fim do dia depois de trabalhar em pé.,baixo risco,manual,teste,B1
"Há meses sinto uma pressão no peito quando subo ladeira rápido, que passa assim que paro.",baixo risco,manual,teste,B1
"Não sinto dor no peito nem falta de ar, só uma tosse seca por causa da gripe.",baixo risco,manual,teste,B3
"De vez em quando sinto o coração acelerar depois do café, mas passa rápido.",baixo risco,manual,teste,B1
Estou com azia depois das refeições pesadas há algumas semanas.,baixo risco,manual,teste,B2
Meus tornozelos ficam um pouco inchados no fim do dia quando faz muito calor.,baixo risco,manual,teste,B1
"Tenho dor no joelho quando caminho muito, já faz uns dois anos.",baixo risco,manual,teste,B2
"Fico um pouco sem fôlego quando corro para pegar o ônibus, como sempre fiquei.",baixo risco,manual,teste,B1
"Sinto uma pontada no peito quando aperto as costelas, depois que carreguei peso na academia.",baixo risco,manual,teste,B2
"Ando meio desanimada e com sono nas últimas semanas, mas sem outros sintomas.",baixo risco,manual,teste,B1
Tive uma dor de cabeça leve hoje à tarde que melhorou com analgésico.,baixo risco,manual,teste,B2
"Nao tenho falta de ar, so fico cansado depois de jogar bola no fim de semana.",baixo risco,manual,teste,B3
"Minha pressão estava um pouco alta no exame de rotina, mas me sinto bem.",baixo risco,manual,teste,B1
"Às vezes fico tonta quando levanto rápido da cama, dura só uns segundos.",baixo risco,manual,teste,B1
Sinto o estômago estufado e arroto muito depois do almoço.,baixo risco,manual,teste,B2
Estou com coriza e a garganta inflamada desde anteontem.,baixo risco,manual,teste,B2
Uma dor fraca no peito aparece quando tusso muito por causa do resfriado.,baixo risco,manual,teste,B2
Faz uns meses que acordo uma vez durante a noite para urinar.,baixo risco,manual,teste,B1
Estou mais cansado que o normal desde que comecei a dormir tarde.,baixo risco,manual,teste,B1
Sinto um formigamento nas mãos quando digito por muito tempo.,baixo risco,manual,teste,B2
"Não cheguei a desmaiar, só senti a vista escurecer por um segundo quando levantei rápido.",baixo risco,manual,teste,B3
Tenho uma dor nas pernas depois de caminhar bastante no fim de semana.,baixo risco,manual,teste,B2
"Há anos tenho uma falta de ar leve quando subo três andares de escada, nada mudou.",baixo risco,manual,teste,B1
Sinto uma queimação no estômago quando fico muito tempo sem comer.,baixo risco,manual,teste,B2
Estou com dor muscular no ombro depois de pintar a casa.,baixo risco,manual,teste,B2
"Meu peito dói um pouco quando faço flexão na academia, parece ser só o músculo.",baixo risco,manual,teste,B2
"Tenho tido insônia e me sinto ansiosa à noite, sem dor e sem falta de ar.",baixo risco,manual,teste,B3
Engordei uns dois quilos nos últimos meses e me canso um pouco mais ao subir escada.,baixo risco,manual,teste,B1
"Sinto palpitações rápidas quando fico nervosa antes das provas, mas passam logo.",baixo risco,manual,teste,B1
Sinto uma dor apertada no peito que espalha para o braço direito há meia hora.,alto risco,manual,treino,A1
"Estou com o peito doendo muito e suando frio, começou enquanto eu dirigia.",alto risco,manual,treino,A1
Uma dor em peso no peito apareceu de repente e veio junto com enjoo.,alto risco,manual,treino,A1
Faz quase uma hora que estou com desconforto no peito que não alivia de jeito nenhum.,alto risco,manual,treino,A1
"Senti o peito apertar e a vista escurecer, achei que ia cair.",alto risco,manual,treino,A1
A dor no peito agora vem até quando estou deitada descansando.,alto risco,manual,treino,A1
Estou com uma dor no peito que chega até as costas e me deixou sem ar.,alto risco,manual,treino,A1
Meu marido sentiu um aperto no peito no trabalho e está todo suado e pálido.,alto risco,manual,treino,A1
Tenho uma pressão no peito que começou faz uns vinte e cinco minutos e não melhora.,alto risco,manual,treino,A1
A dor no peito sobe para o queixo toda vez que tento me mexer e já dura mais de meia hora.,alto risco,manual,treino,A1
"Estou sentindo o peito pesado, com náusea e muita fraqueza.",alto risco,manual,treino,A1
Meu avô acordou de madrugada com dor no peito e está vomitando.,alto risco,manual,treino,A1
A angina que eu tinha só no esforço agora aparece quando estou sentado vendo televisão.,alto risco,manual,treino,A1
"Comecei a sentir uma queimação forte no peito, com o braço pesado e suor frio.",alto risco,manual,treino,A1
Sinto um aperto no peito acompanhado de falta de ar desde que cheguei em casa.,alto risco,manual,treino,A1
"Estou com dor no peito e meu coração está batendo muito rápido, fiquei tonto.",alto risco,manual,treino,A1
Senti uma pontada forte no peito que foi para o ombro e não passou mais.,alto risco,manual,treino,A1
"Desde ontem a dor no peito aparece com qualquer esforço pequeno, até para tomar banho.",alto risco,manual,treino,A1
Caí desmaiada na cozinha e só lembro de acordar no chão.,alto risco,manual,treino,A2
Perdi os sentidos enquanto estava em pé na missa.,alto risco,manual,treino,A2
Ele desmaiou do nada no almoço e ficou alguns segundos sem responder.,alto risco,manual,treino,A2
Tive uma perda de consciência rápida depois de sentir o coração acelerado.,alto risco,manual,treino,A2
Desmaiei duas vezes nesta semana sem nenhum motivo aparente.,alto risco,manual,treino,A2
Fiquei desacordado por uns instantes quando me levantei da cadeira.,alto risco,manual,treino,A2
Apaguei de repente quando estava subindo a rua.,alto risco,manual,treino,A2
Estou ofegante mesmo parado e não consigo falar uma frase inteira.,alto risco,manual,treino,A3
A falta de ar me acordou três vezes esta noite e só melhora sentado.,alto risco,manual,treino,A3
"Fiquei com uma dificuldade enorme para respirar de repente, sem ter feito esforço.",alto risco,manual,treino,A3
Não consigo respirar direito nem deitada nem sentada desde a madrugada.,alto risco,manual,treino,A3
"Estou sem ar até para falar, mesmo descansando na cama.",alto risco,manual,treino,A3
Acordo no meio da noite com sensação de afogamento e preciso ficar sentada para respirar.,alto risco,manual,treino,A3
A respiração ficou curta de uma hora para outra enquanto eu lia um livro.,alto risco,manual,treino,A3
"Comecei a suar muito frio e senti um enjoo forte, sem dor no peito.",alto risco,manual,treino,A4
"Estou com uma fraqueza súbita, suor frio e sensação de que vou passar mal.",alto risco,manual,treino,A4
"Senti um mal-estar estranho de repente, com náusea e o corpo todo molhado de suor.",alto risco,manual,treino,A4
"Minha avó está muito cansada de repente, suando e com enjoo, mas não reclama de dor.",alto risco,manual,treino,A4
"Do nada fiquei exausta, com suor frio e um enjoo que não passa.",alto risco,manual,treino,A4
"Tive uma dor no estômago com suor frio e vômito, e estou muito fraco.",alto risco,manual,treino,A4
"Uma canseira súbita tomou conta de mim, com tontura e suor gelado.",alto risco,manual,treino,A4
Senti a mandíbula doer e começou um suor frio com náusea logo depois.,alto risco,manual,treino,A4
Tenho uma dorzinha nas costas depois de carregar as compras.,baixo risco,manual,treino,B2
"Fico cansada no fim do expediente, mas uma noite de sono resolve.",baixo risco,manual,treino,B1
Sinto uma pressão no peito quando faço caminhada forte há uns seis meses e melhora com repouso.,baixo risco,manual,treino,B1
"Não sinto falta de ar, apenas um nariz entupido por causa da rinite.",baixo risco,manual,treino,B3
"Meu coração dispara quando levo um susto, mas logo volta ao normal.",baixo risco,manual,treino,B1
Tenho refluxo e sinto um ardor na garganta depois do jantar.,baixo risco,manual,treino,B2
Meus pés incham um pouco quando passo o dia inteiro em pé no calor.,baixo risco,manual,treino,B1
Dói o tornozelo desde que torci jogando vôlei semana passada.,baixo risco,manual,treino,B2
"Fico ofegante depois de jogar futebol com meus filhos, mas recupero rápido.",baixo risco,manual,treino,B1
"Sinto dor no peito só quando aperto um ponto perto do esterno, desde que caí de bicicleta.",baixo risco,manual,treino,B2
Estou meio sem energia nesta semana por causa das provas da faculdade.,baixo risco,manual,treino,B1
"Tenho enxaqueca de vez em quando, principalmente quando durmo pouco.",baixo risco,manual,treino,B2
"Nunca desmaiei, mas às vezes sinto um leve cansaço à tarde.",baixo risco,manual,treino,B3
"Meu exame de colesterol veio um pouco alterado, mas não sinto nada.",baixo risco,manual,treino,B3
Quando levanto muito rápido do sofá vejo estrelinhas por um segundo.,baixo risco,manual,treino,B1
Ando com gases e a barriga estufada depois de comer feijão.,baixo risco,manual,treino,B2
Estou espirrando muito e com o nariz escorrendo desde ontem.,baixo risco,manual,treino,B2
Sinto um incômodo no peito quando tusso por causa da bronquite que já estou tratando.,baixo risco,manual,treino,B2
Levanto uma vez por noite para ir ao banheiro há bastante tempo.,baixo risco,manual,treino,B1
Fico mais cansado nos dias em que não tomo café da manhã.,baixo risco,manual,treino,B1
Minhas mãos ficam dormentes quando durmo em cima do braço.,baixo risco,manual,treino,B2
"Não perdi a consciência, só fiquei um pouco zonzo com o calor da praia.",baixo risco,manual,treino,B3
Sinto dor nas panturrilhas depois da corrida de domingo.,baixo risco,manual,treino,B2
"Faz anos que me canso um pouco ao subir ladeira, nada diferente do habitual.",baixo risco,manual,treino,B1
Tenho uma queimação no estômago quando como comida apimentada.,baixo risco,manual,treino,B2
Estou com o ombro dolorido depois de dormir de mau jeito.,baixo risco,manual,treino,B2
"O peito fica dolorido depois do treino de supino, só na musculatura.",baixo risco,manual,treino,B2
"Tenho dificuldade para dormir por ansiedade, mas não sinto dor nem falta de ar.",baixo risco,manual,treino,B3
Ganhei um pouco de peso nas férias e me sinto mais pesada para correr.,baixo risco,manual,treino,B1
Às vezes sinto o coração bater mais forte antes de falar em público.,baixo risco,manual,treino,B1
Estou com dor de garganta e um pouco de febre desde hoje cedo.,baixo risco,manual,treino,B2
"Não tenho dor no peito, só uma coceira na pele que apareceu ontem.",baixo risco,manual,treino,B3
"Sinto as pernas cansadas no fim do plantão, mas melhora com elas para cima.",baixo risco,manual,treino,B1
Tenho uma tosse leve com catarro há três dias por causa do resfriado.,baixo risco,manual,treino,B2
"Sem falta de ar e sem dor no peito, só um pouco de dor nas costas.",baixo risco,manual,treino,B3
"Fico um pouco sem ar quando subo escadas carregando peso, como sempre.",baixo risco,manual,treino,B1
"Minha pressão subiu um pouco no dia da consulta, mas em casa está normal.",baixo risco,manual,treino,B1
De vez em quando sinto uma pontadinha rápida no peito que some em segundos.,baixo risco,manual,treino,B1
"Não desmaiei e nem fiquei tonta, só senti calor no ônibus lotado.",baixo risco,manual,treino,B3
Estou com dor de dente desde ontem à noite.,baixo risco,manual,treino,B2
Agora estou com desconforto torácico que chega na boca do estômago.,alto risco,template,treino,A1
Agora estou com aperto forte no peito que vai para as costas.,alto risco,template,treino,A1
Sinto desconforto no peito e sinto enjoo.,alto risco,template,treino,A1
Senti peso no peito que começou de repente.,alto risco,template,treino,A1
Agora estou com dor no peito que vai para a mandíbula.,alto risco,template,treino,A1
Estou com pressão no peito e fiquei tonta.,alto risco,template,treino,A1
Hoje senti desconforto torácico há mais de vinte minutos.,alto risco,template,treino,A1
Agora estou com dor no peito em repouso.,alto risco,template,treino,A1
Senti peso no peito que chega na boca do estômago.,alto risco,template,treino,A1
Sinto dor no peito que agora vem com menos esforço.,alto risco,template,treino,A1
Sinto dor no peito que vai para o braço.,alto risco,template,treino,A1
Senti dor no peito em repouso.,alto risco,template,treino,A1
Estou com dor no peito que não passa com repouso.,alto risco,template,treino,A1
Estou com opressão no peito acontecendo mais vezes.,alto risco,template,treino,A1
Tenho desconforto torácico que chega na boca do estômago.,alto risco,template,treino,A1
Estou com aperto no peito com falta de ar.,alto risco,template,treino,A1
Estou com dor no peito e sinto enjoo.,alto risco,template,treino,A1
Sinto opressão no peito com vontade de vomitar.,alto risco,template,treino,A1
Senti peso no peito que vai para o braço.,alto risco,template,treino,A1
Comecei a sentir dor no peito que vai para a mandíbula.,alto risco,template,treino,A1
Comecei a sentir pressão no peito com falta de ar.,alto risco,template,treino,A1
Senti dor no peito com vontade de vomitar.,alto risco,template,treino,A1
Agora estou com aperto no peito que vai para o ombro.,alto risco,template,treino,A1
Comecei a sentir aperto no peito que não melhorou.,alto risco,template,treino,A1
Sinto opressão no peito que vai para a mandíbula.,alto risco,template,treino,A1
Hoje senti desconforto torácico que não melhorou.,alto risco,template,treino,A1
Comecei a sentir aperto no peito que começou de repente.,alto risco,template,treino,A1
Agora estou com aperto forte no peito e fiquei tonta.,alto risco,template,treino,A1
Comecei a sentir desconforto no peito em repouso.,alto risco,template,treino,A1
Hoje senti pressão no peito que está cada vez mais forte.,alto risco,template,treino,A1
Tenho pressão no peito que sobe para o pescoço.,alto risco,template,treino,A1
Agora estou com pressão no peito que está cada vez mais forte.,alto risco,template,treino,A1
Tenho opressão no peito e fiquei tonta.,alto risco,template,treino,A1
Tenho aperto forte no peito acontecendo mais vezes.,alto risco,template,treino,A1
Senti pressão no peito que sobe para o pescoço.,alto risco,template,treino,A1
Estou com aperto no peito que começou de repente.,alto risco,template,treino,A1
Sinto pressão no peito que não passa com repouso.,alto risco,template,treino,A1
Hoje senti desconforto no peito com suor frio.,alto risco,template,treino,A1
Estou com peso no peito mesmo estando parada.,alto risco,template,treino,A1
Hoje senti pressão no peito e comecei a suar frio.,alto risco,template,treino,A1
Hoje senti opressão no peito que está cada vez mais forte.,alto risco,template,treino,A1
Estou com aperto no peito que vai para o ombro.,alto risco,template,treino,A1
Comecei a sentir desconforto no peito que não passa com repouso.,alto risco,template,treino,A1
Agora estou com aperto forte no peito com falta de ar.,alto risco,template,treino,A1
Agora estou com desconforto torácico em repouso.,alto risco,template,treino,A1
Hoje desmaiei enquanto caminhava.,alto risco,template,treino,A2
Do nada perdi a consciência no meio da aula.,alto risco,template,treino,A2
Desmaiei ao levantar da cama.,alto risco,template,treino,A2
Hoje desmaiei enquanto tomava banho.,alto risco,template,treino,A2
Perdi a consciência no meio da aula.,alto risco,template,treino,A2
Hoje perdi a consciência no meio da aula.,alto risco,template,treino,A2
Do nada desmaiei na fila do mercado.,alto risco,template,treino,A2
Do nada perdi a consciência e bati a cabeça.,alto risco,template,treino,A2
Hoje perdi a consciência e bati a cabeça.,alto risco,template,treino,A2
Hoje desmaiei ao levantar da cama.,alto risco,template,treino,A2
Ontem perdi a consciência no trabalho.,alto risco,template,treino,A2
Hoje perdi a consciência no trabalho.,alto risco,template,treino,A2
Hoje perdi a consciência sem nenhum aviso.,alto risco,template,treino,A2
Desmaiei depois do almoço.,alto risco,template,treino,A2
Hoje desmaiei e bati a cabeça.,alto risco,template,treino,A2
Acordo de madrugada com falta de ar desde sábado.,alto risco,template,treino,A3
Tenho dificuldade para respirar mesmo estando parada desde ontem.,alto risco,template,treino,A3
A falta de ar me acorda desde sábado.,alto risco,template,treino,A3
Comecei de repente a ficar sem ar hoje.,alto risco,template,treino,A3
Estou com falta de ar em repouso desde ontem.,alto risco,template,treino,A3
Fiquei com falta de ar de repente desde ontem.,alto risco,template,treino,A3
Tenho dificuldade para respirar mesmo estando parado hoje.,alto risco,template,treino,A3
A falta de ar me acorda há três noites.,alto risco,template,treino,A3
Fiquei com falta de ar de repente hoje.,alto risco,template,treino,A3
Acordo de madrugada com falta de ar nesta semana.,alto risco,template,treino,A3
Comecei de repente a ficar sem ar desde cedo.,alto risco,template,treino,A3
Fiquei com falta de ar de repente agora há pouco.,alto risco,template,treino,A3
Acordo à noite com falta de ar há três noites.,alto risco,template,treino,A3
Tenho dificuldade para respirar mesmo estando parado desde cedo.,alto risco,template,treino,A3
Fiquei com falta de ar de repente há algumas horas.,alto risco,template,treino,A3
"Estou com suor frio e náusea, enquanto descansava.",alto risco,template,treino,A4
"Estou suando muito e com enjoo, agora há pouco.",alto risco,template,treino,A4
"De repente fiquei muito cansado e com mal-estar, desde cedo.",alto risco,template,treino,A4
"De repente fiquei muito cansada e com mal-estar, enquanto descansava.",alto risco,template,treino,A4
"Estou suando muito e com enjoo, enquanto descansava.",alto risco,template,treino,A4
"Comecei a suar frio e sentir enjoo, sem dor no peito.",alto risco,template,treino,A4
"Estou suando muito e com enjoo, depois do almoço.",alto risco,template,treino,A4
"Comecei a suar frio e sentir enjoo, desde cedo.",alto risco,template,treino,A4
"Estou com suor frio e náusea, sem dor no peito.",alto risco,template,treino,A4
"Estou suando muito e com enjoo, desde cedo.",alto risco,template,treino,A4
"Estou com suor frio e náusea, depois do almoço.",alto risco,template,treino,A4
"De repente fiquei muito cansado e com mal-estar, enquanto descansava.",alto risco,template,treino,A4
"De repente fiquei muito cansado e com mal-estar, sem dor no peito.",alto risco,template,treino,A4
"De repente fiquei muito cansada e com mal-estar, sem dor no peito.",alto risco,template,treino,A4
"Comecei a suar frio e sentir enjoo, depois do almoço.",alto risco,template,treino,A4
Fico um pouco cansada quando carrego peso há anos.,baixo risco,template,treino,B1
Sinto um cansaço leve quando subo escadas há anos.,baixo risco,template,treino,B1
Fico com um pouco de falta de ar quando corro faz muito tempo.,baixo risco,template,treino,B1
"Sinto desconforto torácico quando faço esforço e melhora quando descanso, há anos.",baixo risco,template,treino,B1
"Sinto aperto forte no peito quando faço esforço e melhora quando descanso, há meses.",baixo risco,template,treino,B1
Sinto um cansaço leve depois de um dia cheio faz muito tempo.,baixo risco,template,treino,B1
Sinto um cansaço leve quando corro faz muito tempo.,baixo risco,template,treino,B1
"Sinto aperto no peito quando caminho rápido e melhora quando descanso, faz muito tempo.",baixo risco,template,treino,B1
Fico um pouco cansado quando subo escadas há meses.,baixo risco,template,treino,B1
Tenho uma falta de ar leve depois de um dia cheio há anos.,baixo risco,template,treino,B1
Sinto as pernas um pouco pesadas depois de um dia cheio há anos.,baixo risco,template,treino,B1
"Sinto opressão no peito quando subo escadas e melhora quando descanso, há meses.",baixo risco,template,treino,B1
Sinto um cansaço leve quando subo escadas há meses.,baixo risco,template,treino,B1
"Sinto aperto no peito quando caminho rápido e melhora quando descanso, sempre do mesmo jeito.",baixo risco,template,treino,B1
Fico um pouco cansado depois de um dia cheio sempre do mesmo jeito.,baixo risco,template,treino,B1
Fico com um pouco de falta de ar quando subo escadas sempre do mesmo jeito.,baixo risco,template,treino,B1
Sinto um cansaço leve depois de um dia cheio há anos.,baixo risco,template,treino,B1
"Sinto desconforto no peito quando subo escadas e melhora quando descanso, faz muito tempo.",baixo risco,template,treino,B1
"Sinto pressão no peito quando subo escadas e melhora quando descanso, há meses.",baixo risco,template,treino,B1
Fico um pouco cansada quando carrego peso sempre do mesmo jeito.,baixo risco,template,treino,B1
Fico com um pouco de falta de ar quando corro há meses.,baixo risco,template,treino,B1
Fico um pouco cansada no fim do dia faz muito tempo.,baixo risco,template,treino,B1
Fico um pouco cansado quando corro há meses.,baixo risco,template,treino,B1
"Sinto opressão no peito quando faço esforço e melhora quando descanso, há anos.",baixo risco,template,treino,B1
Fico com um pouco de falta de ar quando corro sempre do mesmo jeito.,baixo risco,template,treino,B1
"Sinto dor no peito quando subo escadas e melhora quando descanso, faz muito tempo.",baixo risco,template,treino,B1
"Sinto aperto no peito quando caminho rápido e melhora quando descanso, há anos.",baixo risco,template,treino,B1
Fico com um pouco de falta de ar no fim do dia há meses.,baixo risco,template,treino,B1
Tenho uma falta de ar leve quando corro sempre do mesmo jeito.,baixo risco,template,treino,B1
"Sinto desconforto torácico quando subo escadas e melhora quando descanso, há anos.",baixo risco,template,treino,B1
"Sinto opressão no peito quando subo escadas e melhora quando descanso, há anos.",baixo risco,template,treino,B1
Fico com um pouco de falta de ar no fim do dia há anos.,baixo risco,template,treino,B1
Fico com um pouco de falta de ar quando subo escadas faz muito tempo.,baixo risco,template,treino,B1
Tenho um leve cansaço depois de caminhar bastante há meses.,baixo risco,template,treino,B1
"Sinto aperto forte no peito quando faço esforço e melhora quando descanso, faz muito tempo.",baixo risco,template,treino,B1
Estou com o intestino preso hoje de manhã.,baixo risco,template,treino,B2
Estou com dor de cabeça leve há dois dias.,baixo risco,template,treino,B2
Estou com dor de cabeça leve desde a semana passada.,baixo risco,template,treino,B2
Tenho dor nas costas há dois dias.,baixo risco,template,treino,B2
Tenho dor de garganta de vez em quando.,baixo risco,template,treino,B2
Tenho dor de garganta há dois dias.,baixo risco,template,treino,B2
Estou com dor de cabeça leve desde ontem.,baixo risco,template,treino,B2
Tenho uma alergia na pele hoje de manhã.,baixo risco,template,treino,B2
Estou com dor de dente desde ontem.,baixo risco,template,treino,B2
Tenho dor no pescoço por causa do travesseiro desde a semana passada.,baixo risco,template,treino,B2
Estou com o nariz entupido desde ontem.,baixo risco,template,treino,B2
Tenho uma alergia na pele há dois dias.,baixo risco,template,treino,B2
Estou com o olho coçando há dois dias.,baixo risco,template,treino,B2
Tenho uma afta na boca há dois dias.,baixo risco,template,treino,B2
Tenho tosse com catarro há dois dias.,baixo risco,template,treino,B2
Tenho tosse com catarro desde ontem.,baixo risco,template,treino,B2
Tenho uma alergia na pele de vez em quando.,baixo risco,template,treino,B2
Estou com coriza há dois dias.,baixo risco,template,treino,B2
Sinto azia depois de comer há dois dias.,baixo risco,template,treino,B2
Estou com dor muscular na coxa há dois dias.,baixo risco,template,treino,B2
Estou com coriza de vez em quando.,baixo risco,template,treino,B2
Tenho dor no pé de vez em quando.,baixo risco,template,treino,B2
Sinto azia depois de comer de vez em quando.,baixo risco,template,treino,B2
Sinto azia depois de comer hoje de manhã.,baixo risco,template,treino,B2
Sinto dor no punho desde a semana passada.,baixo risco,template,treino,B2
Estou com dor de dente há dois dias.,baixo risco,template,treino,B2
Estou com o intestino preso desde ontem.,baixo risco,template,treino,B2
Tenho dor no pescoço por causa do travesseiro há dois dias.,baixo risco,template,treino,B2
Tenho dor nas costas de vez em quando.,baixo risco,template,treino,B2
Tenho uma alergia na pele desde ontem.,baixo risco,template,treino,B2
Estou com dor de dente desde a semana passada.,baixo risco,template,treino,B2
Estou com o intestino preso de vez em quando.,baixo risco,template,treino,B2
Sinto azia depois de comer desde ontem.,baixo risco,template,treino,B2
Tenho dor no pé há dois dias.,baixo risco,template,treino,B2
Sinto azia depois de comer desde a semana passada.,baixo risco,template,treino,B2
"Não tenho dor no peito nem falta de ar, só estou com um pouco de tosse.",baixo risco,template,treino,B3
"Sem dor no peito, só sinto o estômago pesado.",baixo risco,template,treino,B3
"Não tenho falta de ar, só tenho uma dor nas costas.",baixo risco,template,treino,B3
"Não tenho falta de ar, só estou com o nariz entupido.",baixo risco,template,treino,B3
"Não tenho dor no peito nem falta de ar, só tenho uma dor de cabeça fraca.",baixo risco,template,treino,B3
"Não tenho dor no peito nem falta de ar, só tenho uma dor nas costas.",baixo risco,template,treino,B3
"Não tenho dor no peito nem falta de ar, só estou com o nariz entupido.",baixo risco,template,treino,B3
"Não sinto aperto no peito, só tenho uma dor de cabeça fraca.",baixo risco,template,treino,B3
"Nunca desmaiei, só tenho uma dor nas costas.",baixo risco,template,treino,B3
"Nunca desmaiei, só sinto o estômago pesado.",baixo risco,template,treino,B3
"Sem dor no peito, só tenho uma dor de cabeça fraca.",baixo risco,template,treino,B3
"Não sinto aperto no peito, só tenho uma dor nas costas.",baixo risco,template,treino,B3
"Não sinto dor no peito, só tenho uma dor nas costas.",baixo risco,template,treino,B3
"Sem dor no peito, só estou com o nariz entupido.",baixo risco,template,treino,B3
"Sem dor no peito, só tenho uma dor nas costas.",baixo risco,template,treino,B3
"Nunca desmaiei, só sinto um cansaço leve no fim do dia.",baixo risco,template,treino,B3
"Não sinto dor no peito, só tenho uma dor de cabeça fraca.",baixo risco,template,treino,B3
"Não sinto aperto no peito, só estou com o nariz entupido.",baixo risco,template,treino,B3
"Não sinto dor no peito, só sinto um cansaço leve no fim do dia.",baixo risco,template,treino,B3
"Não tenho falta de ar, só sinto o estômago pesado.",baixo risco,template,treino,B3
